Time,U1,U2,e1,e2,e3,e4,m1,m2,m3,m4,m5,m6,m7,m8,m9,m10
0,0.010304756,0.011076685,0.109381063,0.112798332,0.100556107,0.198076386,0.012168872,0.012519741,0.012862828,0.012363694,0.012291078,0.013738584,0.01309972,0.013706062,0.012701905,0.012803616