Time,U1,U2,e1,e2,e3,e4,m1,m2,m3,m4,m5,m6,m7,m8,m9,m10
0,67.79489418,47.86094591,41.90321737,46.80595282,69.36606854,34.36745255,57.85419953,41.88576832,67.50797505,45.12644005,52.05487209,35.77803226,50.90176225,49.44629331,59.89018999,62.94283116