Time,U1,U2,e1,e2,e3,e4,m1,m2,m3,m4,m5,m6,m7,m8,m9,m10
0,0.613139717,1.083744106,0.806031347,0.87081254,1.178103067,0.685049104,1.129458414,0.186947742,1.131352645,0.615129788,0.815105603,0.489814291,1.306438561,0.391490952,0.627185716,1.624418746