Time,U1_X,U1_Y,U2_X,U2_Y,e1_X,e1_Y,e2_X,e2_Y,e3_X,e3_Y,e4_X,e4_Y,m1_X,m1_Y,m2_X,m2_Y,m3_X,m3_Y,m4_X,m4_Y,m5_X,m5_Y,m6_X,m6_Y,m7_X,m7_Y,m8_X,m8_Y,m9_X,m9_Y,m10_X,m10_Y
0,408.0209467,453.0214764,457.0245401,317.0172564,140.0096457,273.9973617,483.0098298,78.99816279,479.0031069,242.9904949,71.00863085,210.9949494,396.9994418,479.9991703,18.00091522,424.9995971,339.9999569,378.9990009,197.0004752,328.0008799,353.9998316,16.00098573,24.00044534,48.99910464,348.0009515,158.9996923,17.99926436,220.0006774,383.0003863,398.0009224,244.9993936,222.9992048